archivo,estado,motivos,campos_faltantes,advertencias,n_intentos,tokens_entrada,tokens_salida,latencia_ms,simulacion,numero_factura,fecha_emision,ruc_emisor,moneda,total
01_factura_estandar.txt,EXITOSO,OK,,,1,2045,399,5368,,F001-00004587,2026-09-15,20615487303,PEN,2209.55
02_factura_usd_credito.txt,EXITOSO,OK,,,1,1974,363,4765,,F002-00001163,2026-04-03,20602845196,USD,4495.80
03_correo_proveedor.txt,FALLIDO,JSON_INVALIDO_REINTENTOS_AGOTADOS,,,2,3917,576,9711,persistente,,,,,
04_formato_inusual.txt,EXITOSO,OK,,,1,1922,429,8029,,F003-0001209,2026-07-22,20521640973,PEN,11845.78
05_factura_larga.txt,EXITOSO,OK,,,1,2537,911,10922,,F010-00023876,2026-06-05,20603911788,PEN,5523.84
06_incompleta_ocr.txt,PARCIAL,CAMPOS_OBLIGATORIOS_FALTANTES,fecha_emision;ruc_cliente,,1,1888,360,4641,,F004-00000318,,20606477311,PEN,2826.1
07_totales_inconsistentes.txt,PARCIAL,REGLA_NEGOCIO,,TOTALES_INCONSISTENTES,1,1819,377,4411,,F001-00000932,2026-09-02,20497351808,PEN,1870.0
08_no_es_factura.txt,FALLIDO,FUERA_DE_DOMINIO,,,1,1923,156,2367,,,,,,
09_prompt_injection.txt,EXITOSO,OK,,,1,1899,403,4820,,F007-00000415,2026-09-21,20472638517,PEN,9440.00
10_ilegible.txt,FALLIDO,EXTRACCION_INSUFICIENTE,fecha_emision;moneda;numero_factura;razon_social_emisor;ruc_cliente;total,,1,1968,167,2201,,,,20123456789,,
11_vacio.txt,FALLIDO,DOCUMENTO_VACIO,,,0,0,0,0,,,,,,
